CHROM,POS,REF,ALT,Gene_Symbol,aa_change,variant_label,Nigeria_FANG_003,Nigeria_FANG_002,Nigeria_FANG_001,Nigeria_UNX_003,Nigeria_UNX_002,Nigeria_UNX_001,Nigeria_DELTA_003,Nigeria_DELTA_002,Nigeria_DELTA_001,t_stat_delta_fang,pval_delta_fang,mean_delta,mean_fang,diff_delta_fang,t_stat_delta_unx,pval_delta_unx,mean_delta2,mean_unx,diff_delta_unx,t_stat_fang_unx,pval_fang_unx,mean_fang2,mean_unx2,diff_fang_unx,neg_log10_pval_delta_fang,neg_log10_pval_delta_unx,neg_log10_pval_fang_unx,genome_pos,color,qval_delta_fang,neg_log10_qval_delta_fang,qval_delta_unx,neg_log10_qval_delta_unx,qval_fang_unx,neg_log10_qval_fang_unx,ID,Name,description
AfunF3_3,25976724,C,G,AFUN018996,Leu800Val,"Leu800Val (AfunF3_3:25,976,724 C>G)",0.0014858841010401,0.0,0.0,0.1404255319148936,0.2130434782608695,0.3423423423423423,0.9905660377358492,0.989247311827957,0.98989898989899,1583.828246621864,4.560088276667623e-12,0.9899041131542652,0.0004952947003467,0.9894088184539186,12.835987077157506,0.0060127293575952,0.9899041131542652,0.2319371175060351,0.7579669956482301,-3.9193546675980815,0.059347582265722,0.0004952947003467,0.2319371175060351,-0.2314418228056884,11.341026749945534,2.2209283439922243,1.2265969688752412,125448718,1,2.1983957577400778e-07,6.657894122680884,0.570051222261215,0.2440861188083444,0.2572643440308433,0.589620401367188,AFUN018996,,protease m1 zinc metalloprotease [Source:Projected from Anopheles gambiae (AGAP004860) VB Community Annotation]
AfunF3_2,69521437,C,T,AFUN000380,Ala295Thr,"Ala295Thr (AfunF3_2:69,521,437 C>T)",0.9989082969432316,0.9992424242424244,0.9983268265476856,0.0050167224080267,0.1902301550023485,0.0637316561844863,0.0006024096385542,0.0010303967027305,0.0004522840343735,-3132.1061084766043,3.4854678864075106e-12,0.0006950301252194,0.9988258492444472,-0.9981308191192276,-1.5669789143338966,0.2576305212224294,0.0006950301252194,0.0863261778649538,-0.0856311477397344,16.69787024729871,0.0035666362256662,0.9988258492444472,0.0863261778649538,0.9124996713794932,11.45773891431042,0.5890026878444997,2.447741183692848,69521437,0,2.1983957577400778e-07,6.657894122680884,0.768950772273357,0.1141014625579558,0.0888218729217391,1.051480073416334,AFUN000380,Pgk,Phosphoglycerate kinase [Source:UniProtKB/TrEMBL;Acc:A0A182R2I9]
AfunF3_2,31179451,A,T,AFUN003466,Leu84Phe,"Leu84Phe (AfunF3_2:31,179,451 A>T)",0.0003238341968911,0.0,0.0,1.0,0.8272727272727273,0.9908643710470836,0.999319959197552,1.0,0.9995423340961098,4394.668744027789,1.5132859103729754e-11,0.9996207644312206,0.000107944732297,0.9995128196989236,1.073530769957043,0.3953683436481194,0.9996207644312206,0.9393790327732704,0.0602417316579502,-16.738246684673012,0.0035501648572613,0.000107944732297,0.9393790327732704,-0.9392710880409734,10.820079011456857,0.4029981067201685,2.4497514793571566,31179451,0,4.863650473075064e-07,6.313037643247888,0.768950772273357,0.1141014625579558,0.0887485987483218,1.0518384952945676,AFUN003466,,ATP-dependent RNA helicase DBP2 [Source:Projected from Anopheles gambiae (AGAP003663) VB Community Annotation]
AfunF3_X,256621,A,G,AFUN008158,Val15Ala,"Val15Ala (AfunF3_X:256,621 A>G)",0.0057971014492753,0.0033670033670033,0.0027397260273972,1.0,1.0,1.0,0.9966442953020134,1.0,1.0,683.2386153975856,5.4645203076918165e-11,0.9988814317673378,0.0039679436145586,0.9949134881527792,-1.0,0.4226497308103742,0.9988814317673378,1.0,-0.0011185682326622,-1068.322515895473,8.761826838960813e-07,0.0039679436145586,1.0,-0.9960320563854416,10.262447955739166,0.3740194032945203,6.057405334087188,193560837,0,1.317208958868343e-06,5.8803453241384975,0.768950772273357,0.1141014625579558,0.003956862203636,2.4026490736264385,AFUN008158,,HIG1 domain family member 2A [Source:Projected from Anopheles gambiae (AGAP000491) VB Community Annotation]
AfunF3_3,25974108,G,T,AFUN018996,Gly11Val,"Gly11Val (AfunF3_3:25,974,108 G>T)",0.0038461538461538,0.0,0.0052356020942408,1.0,1.0,1.0,0.9953051643192488,1.0,1.0,449.6336333836929,1.467928177694344e-10,0.998435054773083,0.0030272519801315,0.9954078027929516,-0.9999999999999292,0.4226497308104014,0.998435054773083,1.0,-0.0015649452269169,-636.689955148917,2.46684803549876e-06,0.0030272519801315,1.0,-0.9969727480198683,9.833295192917284,0.3740194032944924,5.607857603399238,125446102,1,2.830723339302219e-06,5.548102574324672,0.768950772273357,0.1141014625579558,0.0056631195413036,2.246944270868508,AFUN018996,,protease m1 zinc metalloprotease [Source:Projected from Anopheles gambiae (AGAP004860) VB Community Annotation]
AfunF3_X,9412050,G,A,AFUN014903,Ala7Thr,"Ala7Thr (AfunF3_X:9,412,050 G>A)",0.0,0.0,0.009009009009009,0.9685863874345548,0.9768339768339768,0.7923076923076923,0.982716049382716,0.994579945799458,0.9943661971830986,200.0039961406504,1.097628802439131e-08,0.9905540641217576,0.003003003003003,0.9875510611187543,1.292980046650131,0.3243106994481972,0.9905540641217576,0.9125760188587412,0.0779780452630162,-15.095105557078217,0.004271121169625,0.003003003003003,0.9125760188587412,-0.9095730158557382,7.959544505339711,0.4890387231288775,2.369458107675715,202716266,0,0.0001763871191706,3.7535331327947232,0.768950772273357,0.1141014625579558,0.0941081426083347,1.0263727980724584,AFUN014903,,unspecified product
AfunF3_3,43100131,G,A,AFUN000417,Asp352Asn,"Asp352Asn (AfunF3_3:43,100,131 G>A)",1.0,1.0,0.9914163090128756,0.4421052631578947,0.4508928571428571,0.2292682926829268,0.0052356020942408,0.0,0.0,-297.00190637268105,1.9537097373406292e-08,0.0017452006980802,0.9971387696709586,-0.9953935689728785,-5.137496311374141,0.0357753476153824,0.0017452006980802,0.3740888043278929,-0.3723436036298126,8.592471110629978,0.013150293870444,0.9971387696709586,0.3740888043278929,0.6230499653430657,7.709139958956617,1.4464161376741551,1.8810645418596847,142572125,1,0.0002354684239558,3.62806732301993,0.6813254856847782,0.1666453655222878,0.1361863660224887,0.8658663686169283,AFUN000417,,ribosome biogenesis protein BRX1 [Source:Projected from Anopheles gambiae (AGAP005365) VB Community Annotation]
AfunF3_2,84455388,G,A,AFUN019637,Val160Ile,"Val160Ile (AfunF3_2:84,455,388 G>A)",0.9878048780487804,1.0,0.9871794871794872,0.0,0.0909090909090909,0.0721649484536082,0.0103806228373702,0.0,0.0067567567567567,-190.9239937248942,1.9008334584222613e-08,0.0057124598647089,0.9916614550760892,-0.9859489952113804,-1.744891956170709,0.2201668604308617,0.0057124598647089,0.0543580131208997,-0.0486455532561907,33.44543629191004,0.0006898921349435,0.9916614550760892,0.0543580131208997,0.9373034419551896,7.72105593219118,0.6572480505555646,3.1612188061624185,84455388,0,0.0002354684239558,3.62806732301993,0.768950772273357,0.1141014625579558,0.0521199449659905,1.2829960515354173,AFUN019637,,D7 long form salivary protein [Source:Projected from Anopheles gambiae (AGAP008278) VB Community Annotation]
AfunF3_3,83790247,C,G,AFUN020314,Gly1281Ala,"Gly1281Ala (AfunF3_3:83,790,247 C>G)",1.0,1.0,0.9866666666666668,0.0,0.0,0.0,0.0,0.0093457943925233,0.0,-182.85340188458807,3.0369902443130126e-08,0.0031152647975077,0.9955555555555556,-0.9924402907580478,1.0,0.4226497308103742,0.0031152647975077,0.0,0.0031152647975077,224.0000000000023,1.9929251160366185e-05,0.9955555555555556,0.0,0.9955555555555556,7.5175566031584,0.3740194032945203,4.7005090195649775,183262241,1,0.0003253595137404,3.487636489669093,0.768950772273357,0.1141014625579558,0.0173113375462283,1.761669375423004,AFUN020314,,Non-specific serine/threonine protein kinase [Source:Projected from Anopheles gambiae (AGAP029469) UniProtKB/TrEMBL;Acc:A0A453YZQ5]
AfunF3_3,16712560,A,T,AFUN011529,Leu1287Gln,"Leu1287Gln (AfunF3_3:16,712,560 A>T)",0.6746411483253588,0.6854460093896714,0.6774193548387096,0.0,0.0,0.0,0.0,0.0,0.0069444444444444,-170.00002439322552,3.38674746631706e-08,0.0023148148148148,0.6791688375179133,-0.6768540227030986,1.0,0.4226497308103742,0.0023148148148148,0.0,0.0023148148148148,209.65672013621148,2.2749277331525056e-05,0.6791688375179133,0.0,0.6791688375179133,7.470217185426178,0.3740194032945203,4.643032394871302,116184554,1,0.0003265468039548,3.4860545624975474,0.768950772273357,0.1141014625579558,0.0187475433421223,1.727055633688833,AFUN011529,,Aspartyl/asparaginy/proline hydroxylase domain-containing protein [Source:UniProtKB/TrEMBL;Acc:A0A182RYZ8]
AfunF3_3,14926082,C,A,AFUN011793,Ala251Glu,"Ala251Glu (AfunF3_3:14,926,082 C>A)",0.9818181818181818,1.0,1.0,0.0,0.0,0.0,0.0,0.0120481927710843,0.0,-136.1567381852175,1.345445385569401e-07,0.0040160642570281,0.993939393939394,-0.989923329682366,1.0,0.4226497308103742,0.0040160642570281,0.0,0.0040160642570281,163.99999999999997,3.71781764232944e-05,0.993939393939394,0.0,0.993939393939394,6.871133926460042,0.3740194032945203,4.429711916035965,114398076,1,0.0011221885530618,2.9499341656516718,0.768950772273357,0.1141014625579558,0.0205583592200412,1.6870115497019194,AFUN011793,,CCHC NOA-type domain-containing protein [Source:UniProtKB/TrEMBL;Acc:A0A182RZR2]
AfunF3_2,23811824,C,T,AFUN005847,Ala525Val,"Ala525Val (AfunF3_2:23,811,824 C>T)",0.9285714285714286,0.9296875,0.9285714285714286,0.0,0.0,0.0789473684210526,0.0,0.0,0.0,-2497.000000000071,1.603846537227082e-07,0.0,0.9289434523809524,-0.9289434523809524,-1.0,0.4226497308103742,0.0,0.0263157894736842,-0.0263157894736842,34.29642425588995,0.0008471260641401,0.9289434523809524,0.0263157894736842,0.9026276629072684,6.794837189183985,0.3740194032945203,3.0720519558009274,23811824,0,0.0011221885530618,2.9499341656516718,0.768950772273357,0.1141014625579558,0.0554884836809268,1.2557971428737764,AFUN005847,,unspecified product
AfunF3_X,13574226,G,T,AFUN002849,His719Gln,"His719Gln (AfunF3_X:13,574,226 G>T)",0.9950248756218906,1.0,0.9944444444444444,0.0,0.0,0.2485768500948766,0.0,0.0019960079840319,0.0,-528.4416755201913,1.629413263243279e-07,0.0006653359946773,0.996489773355445,-0.9958244373607676,-0.991938279990965,0.4257536927887985,0.0006653359946773,0.0828589500316255,-0.0821936140369482,11.023843093504668,0.0081026944076082,0.996489773355445,0.0828589500316255,0.9136308233238194,6.787968752902064,0.3708415764814086,2.091370540161398,206878442,0,0.0011221885530618,2.9499341656516718,0.7717890643195526,0.1125013793527551,0.1145281583903886,0.9410877226681964,AFUN002849,,BZIP domain-containing protein [Source:UniProtKB/TrEMBL;Acc:A0A182R9J0]
AfunF3_3,92099058,C,T,AFUN021410,Ala484Thr,"Ala484Thr (AfunF3_3:92,099,058 C>T)",1.0,1.0,0.9988372093023256,0.0028089887640449,0.0,0.0,0.0,0.0,0.0,-2578.9999999999463,1.50347848541088e-07,0.0,0.9996124031007751,-0.9996124031007751,-1.0,0.4226497308103742,0.0,0.0009363295880149,-0.0009363295880149,985.4876093803414,1.72202219726262e-08,0.9996124031007751,0.0009363295880149,0.9986760735127604,6.822902782218727,0.3740194032945203,7.763961254690415,191571052,1,0.0011221885530618,2.9499341656516718,0.768950772273357,0.1141014625579558,0.0004669170046748,3.3307603091876667,AFUN021410,,alpha-glucosidase [Source:Projected from Anopheles gambiae (AGAP012400) VB Community Annotation]
AfunF3_X,1584381,G,A,AFUN020795,Gln43*,"Gln43* (AfunF3_X:1,584,381 G>A)",0.9970484061393152,1.0,0.99959266802444,0.0,0.0007581501137225,0.00070323488045,0.0011983223487118,0.0007315288953913,0.0004761904761904,-1053.509604978997,2.426929825836927e-07,0.0008020139067645,0.9988803580545852,-0.9980783441478208,0.975139465690516,0.3857516227026402,0.0008020139067645,0.0004871283313908,0.0003148855753736,1045.2154136022818,1.6074017544191934e-07,0.9988803580545852,0.0004871283313908,0.9983932297231944,6.614942781019692,0.413692238357957,6.793875561991625,194888597,0,0.0015600143125158,2.806871417146742,0.768950772273357,0.1141014625579558,0.0019373008719918,2.7128029260549376,AFUN020795,,unspecified product
AfunF3_X,17104960,TC,CC,AFUN001733,Lys526Glu,"Lys526Glu (AfunF3_X:17,104,960 TC>CC)",0.0,0.0,0.0294117647058823,1.0,1.0,1.0,1.0,0.967741935483871,1.0,67.31018378234072,3.2428291396667897e-07,0.989247311827957,0.0098039215686274,0.9794433902593296,-1.0,0.4226497308103742,0.989247311827957,1.0,-0.010752688172043,-101.00000000000018,9.801519259023364e-05,0.0098039215686274,1.0,-0.9901960784313726,6.489075933120028,0.3740194032945203,4.008706602402195,210409176,0,0.001714946026763,2.76574954363745,0.768950772273357,0.1141014625579558,0.028043106392753,1.5521738803449006,AFUN001733,,Mannosyltransferase [Source:UniProtKB/TrEMBL;Acc:A0A182R6D7]
AfunF3_3,26718084,C,T,AFUN008491,Val91Ile,"Val91Ile (AfunF3_3:26,718,084 C>T)",0.0017391304347826,0.001547987616099,0.0,1.0,1.0,1.0,1.0,1.0,1.0,1814.1291342848428,3.038529142778024e-07,1.0,0.0010957060169605,0.9989042939830396,,1.0,1.0,1.0,0.0,-1814.1291342848428,3.038529142778024e-07,0.0010957060169605,1.0,-0.9989042939830396,6.517336593943294,-0.0,6.517336593943294,126190078,1,0.001714946026763,2.76574954363745,1.0,-0.0,0.0023114467388073,2.636116109281306,AFUN008491,,Aminopeptidase [Source:UniProtKB/TrEMBL;Acc:A0A182RQE9]
AfunF3_2,93373490,G,C,AFUN015788,Gly194Ala,"Gly194Ala (AfunF3_2:93,373,490 G>C)",0.0,0.0,0.0057142857142857,1.0,0.5948275862068966,0.8766233766233766,0.988095238095238,1.0,1.0,225.84955635695093,3.3673145977337424e-07,0.996031746031746,0.0019047619047619,0.9941269841269842,1.4354586578624382,0.2873866801156373,0.996031746031746,0.823816987610091,0.172214758421655,-6.85375656067163,0.020604687102843,0.0019047619047619,0.823816987610091,-0.8219122257053292,6.472716306933201,0.5415333645467235,1.6860339761668364,93373490,0,0.001714946026763,2.76574954363745,0.768950772273357,0.1141014625579558,0.1613112381907079,0.7923353752384785,AFUN015788,,T-complex protein 1 subunit delta [Source:UniProtKB/TrEMBL;Acc:A0A182S4R7]
AfunF3_2,75485313,ATTGT,"GTTGT,GTTGC",AFUN005197,His106Arg,"His106Arg (AfunF3_2:75,485,313 ATTGT>GTTGT,GTTGC)",0.0,0.0,0.0196629213483146,0.5791245791245792,0.4077134986225895,0.2920110192837465,0.7941176470588235,0.7929824561403509,0.8181818181818182,75.65502900647778,3.379414276076001e-07,0.8017606404603308,0.0065543071161048,0.795206333344226,4.48038311270806,0.0447563226796755,0.8017606404603308,0.4262830323436384,0.3754776081166924,-5.01719009185672,0.0365749992852586,0.0065543071161048,0.4262830323436384,-0.4197287252275335,6.471158565613252,1.3491456036792604,1.4368156736895483,75485313,0,0.001714946026763,2.76574954363745,0.6965712419906667,0.1570344593962643,0.2060390205107646,0.6860505233797964,AFUN005197,SRPN6,Serine protease inhibitor (serpin) 6 [Source:UniProtKB/TrEMBL;Acc:A0A182RG60]
AfunF3_2,85237193,C,G,AFUN019616,Thr99Ser,"Thr99Ser (AfunF3_2:85,237,193 C>G)",0.9994186046511628,1.0,0.997867803837953,0.0,0.0,0.0,0.0,0.0,0.0,-1570.0063059906397,4.056924655789421e-07,0.0,0.999095469496372,-0.999095469496372,,1.0,0.0,0.0,0.0,1570.0063059906397,4.056924655789421e-07,0.999095469496372,0.0,0.999095469496372,6.391803057831475,-0.0,6.391803057831475,85237193,0,0.0019558230919328,2.708670430566825,1.0,-0.0,0.002607764122577,2.583731693958525,AFUN019616,,trypsin [Source:Projected from Anopheles gambiae (AGAP008292) VB Community Annotation]
AfunF3_3,27917998,A,G,AFUN010973,Ile1037Met,"Ile1037Met (AfunF3_3:27,917,998 A>G)",0.1525423728813559,0.1521739130434782,0.1525423728813559,0.0,0.0,0.0,0.0,0.0,0.0,-1240.9999999999054,6.493158645723576e-07,0.0,0.1524195529353966,-0.1524195529353966,,1.0,0.0,0.0,0.0,1240.9999999999054,6.493158645723576e-07,0.1524195529353966,0.0,0.1524195529353966,6.187543985989,-0.0,6.187543985989,127389992,1,0.0029812564926762,2.525600657794288,1.0,-0.0,0.003478132574789,2.4586538681636743,AFUN010973,,SLIT-ROBO Rho GTPase activating protein [Source:Projected from Anopheles gambiae (AGAP004772) VB Community Annotation]
AfunF3_2,11862297,C,G,AFUN001279,Met509Ile,"Met509Ile (AfunF3_2:11,862,297 C>G)",0.946236559139785,0.9439252336448598,0.9770992366412212,0.0571428571428571,0.0561797752808988,0.0459770114942528,0.0757575757575757,0.04,0.0757575757575757,-55.69897349626381,7.125647668614221e-07,0.0638383838383838,0.9557536764752887,-0.8919152926369049,0.8630155549505958,0.4669591374027952,0.0638383838383838,0.0530998813060029,0.0107385025323809,80.06147923060216,3.101256804791206e-05,0.9557536764752887,0.0530998813060029,0.902653795169286,6.147175655372535,0.33072112195409,4.5084622697878425,11862297,0,0.0030426319929285,2.516750572487505,0.8067179063130945,0.0932783031330732,0.0205583592200412,1.6870115497019194,AFUN001279,,unspecified product
AfunF3_2,18949404,C,T,AFUN011628,Ala40Thr,"Ala40Thr (AfunF3_2:18,949,404 C>T)",0.7142857142857143,0.7192982456140351,0.7333333333333333,0.1818181818181818,0.303030303030303,0.3421052631578947,0.0961538461538461,0.0784313725490196,0.0704225352112676,-67.41988469688981,7.257961173353465e-07,0.0816692513047111,0.7223057644110277,-0.6406365131063165,-3.971078541685098,0.0534938851029888,0.0816692513047111,0.2756512493354598,-0.1939819980307487,9.192495843977197,0.0106493248768294,0.7223057644110277,0.2756512493354598,0.4466545150755678,6.139185359398543,1.2716958594331351,1.972677923827244,18949404,0,0.0030426319929285,2.516750572487505,0.7075052897410067,0.1502703087411395,0.1267964010001252,0.8968930733310079,AFUN011628,,ribosomal RNA-processing protein [Source:Projected from Anopheles gambiae (AGAP001656) VB Community Annotation]
AfunF3_X,15671487,T,C,AFUN011597,Met866Thr,"Met866Thr (AfunF3_X:15,671,487 T>C)",0.0111111111111111,0.0,0.0,0.0555555555555555,0.0555555555555555,0.0128205128205128,0.2539682539682539,0.2592592592592592,0.265625,51.108383391746536,9.69835233386243e-07,0.259617504409171,0.0037037037037037,0.2559138007054673,14.913548770021816,0.0028442798845746,0.259617504409171,0.0413105413105412,0.2183069630986297,-2.555051417921037,0.1103939972133054,0.0037037037037037,0.0413105413105412,-0.0376068376068375,6.01330204234127,2.5460276701273665,0.9570545411721708,208975703,0,0.0030582645386063,2.514524951007416,0.5294259115652479,0.2761948069439687,0.351649503363497,0.4538899916065967,AFUN011597,,unspecified product
AfunF3_X,13574195,G,C,AFUN002849,Arg730Gly,"Arg730Gly (AfunF3_X:13,574,195 G>C)",1.0,0.9971098265895952,1.0,0.0,0.0,0.0,0.0,0.0,0.0,-1036.999999999951,9.299120628660648e-07,0.0,0.9990366088631984,-0.9990366088631984,,1.0,0.0,0.0,0.0,1036.999999999951,9.299120628660648e-07,0.9990366088631984,0.0,0.9990366088631984,6.031558118561885,-0.0,6.031558118561885,206878411,0,0.0030582645386063,2.514524951007416,1.0,-0.0,0.003956862203636,2.4026490736264385,AFUN002849,,BZIP domain-containing protein [Source:UniProtKB/TrEMBL;Acc:A0A182R9J0]
AfunF3_3,8704411,A,G,AFUN016428,Val138Ala,"Val138Ala (AfunF3_3:8,704,411 A>G)",0.9444444444444444,0.9733333333333334,0.975,0.0,0.0,0.0,0.02,0.0,0.0,-80.12481409859072,7.706753712260942e-07,0.0066666666666666,0.9642592592592591,-0.9575925925925926,1.0,0.4226497308103742,0.0066666666666666,0.0,0.0066666666666666,97.212542885416,0.000105800194472,0.9642592592592591,0.0,0.9642592592592591,6.113128519710647,0.3740194032945203,3.975513534020693,108176405,1,0.0030582645386063,2.514524951007416,0.768950772273357,0.1141014625579558,0.0289805367920334,1.5378935745701927,AFUN016428,,KRAP_IP3R_bind domain-containing protein [Source:UniProtKB/TrEMBL;Acc:A0A4Y0BCX5]
AfunF3_2,90110528,CAGAG,CAGAA,AFUN022171,Val348Met,"Val348Met (AfunF3_2:90,110,528 CAGAG>CAGAA)",0.0,0.0289855072463768,0.0,0.3571428571428571,0.48,0.3333333333333333,0.6956521739130435,0.7073170731707317,0.6764705882352942,51.78321154154754,8.82631506473435e-07,0.6931466117730231,0.0096618357487922,0.6834847760242307,6.540543288664527,0.0186099549504757,0.6931466117730231,0.3901587301587301,0.3029878816142929,-8.189918002361006,0.0112336012330036,0.0096618357487922,0.3901587301587301,-0.3804968944099378,6.054220574007183,1.7302546781740955,1.9494809966410989,90110528,0,0.0030582645386063,2.514524951007416,0.6473670590356917,0.1888494032389762,0.1294175720312425,0.8880067521210182,AFUN022171,,SAM domain-containing protein [Source:UniProtKB/TrEMBL;Acc:A0A4Y0BRK7]
AfunF3_X,10837456,C,G,AFUN002138,Ala19Gly,"Ala19Gly (AfunF3_X:10,837,456 C>G)",0.0842105263157894,0.0769230769230769,0.0444444444444444,1.0,1.0,1.0,0.9022556390977444,0.8888888888888888,0.9270833333333334,50.540838612828566,1.0010904420437769e-06,0.9060759537733222,0.0685260158944369,0.8375499378788853,-8.393550824757051,0.0138988890605876,0.9060759537733222,1.0,-0.0939240462266778,-76.20554417856425,0.0001721530429658,0.0685260158944369,1.0,-0.9314739841055631,5.999526685051937,1.8570199115544048,3.764085296330927,204141672,0,0.0030582645386063,2.514524951007416,0.6244888846936476,0.2044752872484911,0.0345110660588374,1.4620416249936614,AFUN002138,,Cadherin domain-containing protein [Source:UniProtKB/TrEMBL;Acc:A0A182R7I8]
AfunF3_X,1213556,CCAGCAGCAGCAGC,"TCAGCAGCAGCAGC,CCAGCAGCAGCAGCAGC",AFUN020413,Gln1490dup,"Gln1490dup (AfunF3_X:1,213,556 CCAGCAGCAGCAGC>TCAGCAGCAGCAGC,CCAGCAGCAGCAGCAGC)",0.9696969696969696,1.0,1.0,0.2,0.2727272727272727,0.0,0.0384615384615384,0.0,0.0,-59.86398653491673,8.740049740753665e-07,0.0128205128205128,0.98989898989899,-0.9770784770784772,-1.7537825134655012,0.2156182138247818,0.0128205128205128,0.1575757575757575,-0.1447552447552447,10.13046693586101,0.0086693070363658,0.98989898989899,0.1575757575757575,0.8323232323232324,6.058486095732488,0.6663145559644652,2.0620156155930056,194517772,0,0.0030582645386063,2.514524951007416,0.768950772273357,0.1141014625579558,0.1172679454460373,0.9308206836931928,AFUN020413,,unspecified product
AfunF3_2,11863873,ATCTTCTTTA,"ATCTTTA,ATCTTCTCTA",AFUN001279,Lys54Arg,"Lys54Arg (AfunF3_2:11,863,873 ATCTTCTTTA>ATCTTTA,ATCTTCTCTA)",0.8928571428571429,0.918918918918919,0.9333333333333332,0.0,0.0,0.2459016393442623,0.0434782608695652,0.0,0.0256410256410256,-51.540980748950254,8.876087284514546e-07,0.0230397621701969,0.9150364650364652,-0.8919967028662681,-0.7105447647405265,0.5481309184847643,0.0230397621701969,0.081967213114754,-0.0589274509445571,10.058964169504572,0.0084799851224184,0.9150364650364652,0.081967213114754,0.833069251921711,6.051778435710349,0.2611156999372778,2.071604909684001,11863873,0,0.0030582645386063,2.514524951007416,0.8633684292707957,0.0638038362034533,0.1163250733111658,0.9343266650906352,AFUN001279,,unspecified product
AfunF3_3,28622035,A,"G,T",AFUN005464,Val254Ala,"Val254Ala (AfunF3_3:28,622,035 A>G,T)",0.0048543689320388,0.0,0.0098039215686274,0.0294117647058823,0.1506849315068493,0.2647058823529412,0.5570469798657718,0.5529411764705883,0.5535714285714286,177.02810348289566,1.0149914978936128e-06,0.5545198616359296,0.0048860968335554,0.5496337648023741,5.979019998795941,0.0268068369296509,0.5545198616359296,0.1482675261885576,0.406252335447372,-2.10875997194742,0.1690341044971696,0.0048860968335554,0.1482675261885576,-0.1433814293550022,5.993537595616141,1.571754427532985,0.7720256628381188,128094029,1,0.0030582645386063,2.514524951007416,0.6677941562125649,0.1753573857245066,0.4518589182265268,0.3449971417370782,AFUN005464,,nucleolar protein [Source:Projected from Anopheles gambiae (AGAP006090) VB Community Annotation]
AfunF3_3,26715281,T,C,AFUN008491,His913Arg,"His913Arg (AfunF3_3:26,715,281 T>C)",0.0029455081001472,0.0,0.0,1.0,1.0,1.0,1.0,1.0,1.0,1017.500000000026,9.658963723590229e-07,1.0,0.0009818360333824,0.9990181639666176,,1.0,1.0,1.0,0.0,-1017.500000000026,9.658963723590229e-07,0.0009818360333824,1.0,-0.9990181639666176,6.015069465020089,-0.0,6.015069465020089,126187275,1,0.0030582645386063,2.514524951007416,1.0,-0.0,0.003956862203636,2.4026490736264385,AFUN008491,,Aminopeptidase [Source:UniProtKB/TrEMBL;Acc:A0A182RQE9]
AfunF3_2,6856128,C,G,AFUN001726,Glu450Gln,"Glu450Gln (AfunF3_2:6,856,128 C>G)",1.0,1.0,0.9615384615384616,0.0,0.0,0.0,0.0,0.0285714285714285,0.0,-61.21495229115536,1.092888347216137e-06,0.0095238095238095,0.9871794871794872,-0.9776556776556776,1.0,0.4226497308103742,0.0095238095238095,0.0,0.0095238095238095,77.00000000000004,0.0001686198477546,0.9871794871794872,0.0,0.9871794871794872,5.961424204623754,0.3740194032945203,3.773091307155066,6856128,0,0.0031422141028874,2.502764226509706,0.768950772273357,0.1141014625579558,0.0341086238743623,1.467135802018189,AFUN001726,,reticulon/nogo receptor [Source:Projected from Anopheles gambiae (AGAP002007) VB Community Annotation]
AfunF3_2,84505405,G,A,AFUN007412,Asp973Asn,"Asp973Asn (AfunF3_2:84,505,405 G>A)",0.996845425867508,1.0,1.0,0.0,0.0,0.0,0.0,0.0,0.0,-950.0000000000394,1.108031399394044e-06,0.0,0.9989484752891692,-0.9989484752891692,,1.0,0.0,0.0,0.0,950.0000000000394,1.108031399394044e-06,0.9989484752891692,0.0,0.9989484752891692,5.955447932396082,-0.0,5.955447932396082,84505405,0,0.0031422141028874,2.502764226509706,1.0,-0.0,0.003956862203636,2.4026490736264385,AFUN007412,,timeless [Source:Projected from Anopheles gambiae (AGAP008288) VB Community Annotation]
AfunF3_3,74593804,T,C,AFUN018795,Asn434Asp,"Asn434Asp (AfunF3_3:74,593,804 T>C)",0.0,0.0,0.0034246575342465,1.0,1.0,1.0,,1.0,1.0,875.0000000000194,1.3061198900513268e-06,1.0,0.0011415525114155,0.9988584474885844,,1.0,1.0,1.0,0.0,-875.0000000000194,1.3061198900513268e-06,0.0011415525114155,1.0,-0.9988584474885844,5.884016956906286,-0.0,5.884016956906286,174065798,1,0.003403642531861,2.46805605804465,1.0,-0.0,0.0044976704885306,2.347012365319874,AFUN018795,,unspecified product
AfunF3_2,41802586,ACCACG,"ACCAAG,AACG",AFUN014625,Asn50fs,"Asn50fs (AfunF3_2:41,802,586 ACCACG>ACCAAG,AACG)",0.0,0.0,0.0034129692832764,0.9152542372881356,0.7037037037037037,0.3333333333333333,1.0,1.0,1.0,878.000000000013,1.297209507767874e-06,1.0,0.0011376564277587,0.9988623435722412,2.053620800234498,0.1763981693594768,1.0,0.6507637581083908,0.3492362418916092,-3.819923774971479,0.0621966472280907,0.0011376564277587,0.6507637581083908,-0.6496261016806321,5.886989876869254,0.7535059262404971,1.2062330257526632,41802586,0,0.003403642531861,2.46805605804465,0.768950772273357,0.1141014625579558,0.2633123393670813,0.5795287884690683,AFUN014625,,unspecified product
AfunF3_2,77505337,C,T,AFUN005616,Ala283Val,"Ala283Val (AfunF3_2:77,505,337 C>T)",0.93733681462141,0.9425742574257424,0.9745222929936306,0.0232558139534883,0.1801801801801801,0.0,0.0238726790450928,0.0,0.0,-66.99033866111282,1.281551975590156e-06,0.0079575596816975,0.9514777883469278,-0.94352022866523,-1.047494675575015,0.4012108400367452,0.0079575596816975,0.0678119980445561,-0.0598544383628585,15.29765724543564,0.003003687757035,0.9514777883469278,0.0678119980445561,0.8836657903023716,5.892263775547428,0.3966273415924382,2.522345215624186,77505337,0,0.003403642531861,2.46805605804465,0.768950772273357,0.1141014625579558,0.0838948773892038,1.0762645563288795,AFUN005616,,Methyltransferase-like protein [Source:Projected from Anopheles gambiae (AGAP029587) UniProtKB/TrEMBL;Acc:A0A453Z0V4]
AfunF3_2,32669420,T,G,AFUN019520,Lys1081Thr,"Lys1081Thr (AfunF3_2:32,669,420 T>G)",0.0,0.0,0.0,0.0,0.0,0.4166666666666667,0.21875,0.2195121951219512,0.2195121951219512,863.0000000000306,1.3426955015006369e-06,0.2192581300813008,0.0,0.2192581300813008,0.5786575684276918,0.6213019727823359,0.2192581300813008,0.1388888888888889,0.0803692411924119,-1.0,0.4226497308103742,0.0,0.1388888888888889,-0.1388888888888889,5.872022466119006,0.2066972673958625,0.3740194032945203,32669420,0,0.0034068778305049,2.467643439807185,0.9181330139328332,0.0370943961055665,0.5785848167053785,0.2376329673482347,AFUN019520,,JmjC domain-containing protein [Source:UniProtKB/TrEMBL;Acc:A0A4Y0BH98]
AfunF3_2,9006525,A,G,AFUN008006,Asn185Ser,"Asn185Ser (AfunF3_2:9,006,525 A>G)",0.9959016393442623,0.996309963099631,1.0,0.0,0.0,0.0,0.0,0.0,0.0,-765.2282057183555,1.7077211167441372e-06,0.0,0.9974038674812976,-0.9974038674812976,,1.0,0.0,0.0,0.0,765.2282057183555,1.7077211167441372e-06,0.9974038674812976,0.0,0.9974038674812976,5.767583051298219,-0.0,5.767583051298219,9006525,0,0.0042063919323027,2.376090264196957,1.0,-0.0,0.0050986568876396,2.2925442127468827,AFUN008006,,Lipid storage droplets surface-binding protein [Source:Projected from Anopheles gambiae (AGAP002890) VB Community Annotation]
AfunF3_3,29473009,G,T,AFUN009020,Pro122Thr,"Pro122Thr (AfunF3_3:29,473,009 G>T)",0.5454545454545454,0.5476190476190477,0.5454545454545454,0.0,0.0,0.0,0.0,0.0,0.0,-756.9999999999674,1.745046902499601e-06,0.0,0.5461760461760462,-0.5461760461760462,,1.0,0.0,0.0,0.0,756.9999999999674,1.745046902499601e-06,0.5461760461760462,0.0,0.5461760461760462,5.758192895797626,-0.0,5.758192895797626,128945003,1,0.0042063919323027,2.376090264196957,1.0,-0.0,0.0050986568876396,2.2925442127468827,AFUN009020,,DRBM domain-containing protein [Source:UniProtKB/TrEMBL;Acc:A0A182RRX4]
